{
	"credit": "Made with Blockbench",
	"textures": {
		"0": "custom/weapons/guns/m47d1",
		"particle": "custom/weapons/guns/m47d1"
	},
	"elements": [
		{
			"from": [7.85, 3.25, 7.375],
			"to": [16.5, 4.5, 8.625],
			"rotation": {"angle": 0, "axis": "y", "origin": [12.175, 3.8, 8.05]},
			"faces": {
				"north": {"uv": [2.032, 15.032, 2.968, 15.968], "texture": "#0"},
				"east": {"uv": [2.032, 15.032, 2.968, 15.968], "texture": "#0", "cullface": "east"},
				"south": {"uv": [2.032, 15.032, 2.968, 15.968], "texture": "#0"},
				"up": {"uv": [2.032, 15.032, 2.968, 15.968], "texture": "#0"},
				"down": {"uv": [2.032, 15.032, 2.968, 15.968], "texture": "#0"}
			}
		},
		{
			"from": [7.85, 2.25, 7.375],
			"to": [10.35, 3.25, 8.625],
			"rotation": {"angle": 0, "axis": "y", "origin": [9.1, 2.75, 8.05]},
			"faces": {
				"north": {"uv": [2.032, 15.032, 2.968, 15.968], "texture": "#0"},
				"east": {"uv": [2.032, 15.032, 2.968, 15.968], "texture": "#0"},
				"south": {"uv": [2.032, 15.032, 2.968, 15.968], "texture": "#0"},
				"west": {"uv": [2.032, 15.032, 2.968, 15.968], "texture": "#0"},
				"down": {"uv": [2.032, 15.032, 2.968, 15.968], "texture": "#0"}
			}
		},
		{
			"from": [4.35, 2.475, 7.375],
			"to": [7.85, 4.35, 8.625],
			"rotation": {"angle": 0, "axis": "y", "origin": [6.6, 3.4125, 8.05]},
			"faces": {
				"north": {"uv": [0.032, 15.032, 0.968, 15.968], "texture": "#0"},
				"south": {"uv": [0.032, 15.032, 0.968, 15.968], "texture": "#0"},
				"up": {"uv": [0.032, 15.032, 0.968, 15.968], "texture": "#0"},
				"down": {"uv": [0.032, 15.032, 0.968, 15.968], "texture": "#0"}
			}
		},
		{
			"from": [3.74683, 2.35502, 7.375],
			"to": [4.74683, 4.23002, 8.625],
			"rotation": {"angle": 22.5, "axis": "z", "origin": [4.24683, 3.29252, 8.05]},
			"faces": {
				"north": {"uv": [0.032, 15.032, 0.968, 15.968], "texture": "#0"},
				"south": {"uv": [0.032, 15.032, 0.968, 15.968], "texture": "#0"},
				"up": {"uv": [0.032, 15.032, 0.968, 15.968], "texture": "#0"},
				"down": {"uv": [0.032, 15.032, 0.968, 15.968], "texture": "#0"}
			}
		},
		{
			"from": [0.50595, 1.55575, 7.375],
			"to": [3.13095, 2.55575, 8.625],
			"rotation": {"angle": 22.5, "axis": "z", "origin": [1.44345, 2.05575, 8.05]},
			"faces": {
				"north": {"uv": [0.032, 15.032, 0.968, 15.968], "rotation": 270, "texture": "#0"},
				"south": {"uv": [0.032, 15.032, 0.968, 15.968], "rotation": 270, "texture": "#0"},
				"down": {"uv": [0.032, 15.032, 0.968, 15.968], "rotation": 270, "texture": "#0"}
			}
		},
		{
			"from": [-0.10635, 1.23504, 7.375],
			"to": [0.76865, 2.23504, 8.625],
			"rotation": {"angle": 0, "axis": "z", "origin": [0.83115, 1.48504, 8.05]},
			"faces": {
				"north": {"uv": [0.032, 15.032, 0.968, 15.968], "rotation": 270, "texture": "#0"},
				"south": {"uv": [0.032, 15.032, 0.968, 15.968], "rotation": 270, "texture": "#0"},
				"west": {"uv": [0.032, 15.032, 0.968, 15.968], "rotation": 270, "texture": "#0", "cullface": "west"},
				"down": {"uv": [0.032, 15.032, 0.968, 15.968], "rotation": 270, "texture": "#0"}
			}
		},
		{
			"from": [-0.10635, 2.23504, 7.375],
			"to": [4.14365, 4.11004, 8.625],
			"rotation": {"angle": 0, "axis": "z", "origin": [2.01865, 3.17254, 8.05]},
			"faces": {
				"north": {"uv": [0.032, 15.032, 0.968, 15.968], "texture": "#0"},
				"south": {"uv": [0.032, 15.032, 0.968, 15.968], "texture": "#0"},
				"west": {"uv": [0.032, 15.032, 0.968, 15.968], "texture": "#0", "cullface": "west"},
				"up": {"uv": [0.032, 15.032, 0.968, 15.968], "texture": "#0"},
				"down": {"uv": [0.032, 15.032, 0.968, 15.968], "texture": "#0"}
			}
		},
		{
			"from": [6.1, 3.25, 7.25],
			"to": [7.85, 4.6, 8.75],
			"rotation": {"angle": 0, "axis": "y", "origin": [6.975, 3.875, 8]},
			"faces": {
				"north": {"uv": [5.032, 15.032, 5.968, 15.968], "texture": "#0"},
				"east": {"uv": [5.032, 15.032, 5.968, 15.968], "texture": "#0"},
				"south": {"uv": [5.032, 15.032, 5.968, 15.968], "texture": "#0"},
				"west": {"uv": [5.032, 15.032, 5.968, 15.968], "texture": "#0"},
				"up": {"uv": [5.032, 15.032, 5.968, 15.968], "texture": "#0"},
				"down": {"uv": [5.032, 15.032, 5.968, 15.968], "texture": "#0"}
			}
		},
		{
			"from": [10.35, 2.475, 7.675],
			"to": [16.65, 3.125, 8.325],
			"rotation": {"angle": -45, "axis": "x", "origin": [13.5, 2.8, 8]},
			"faces": {
				"north": {"uv": [1.032, 15.032, 1.968, 15.968], "texture": "#0"},
				"east": {"uv": [4.032, 15.032, 4.968, 15.968], "texture": "#0", "cullface": "east"},
				"south": {"uv": [1.032, 15.032, 1.968, 15.968], "texture": "#0"},
				"west": {"uv": [1.032, 15.032, 1.968, 15.968], "texture": "#0"},
				"up": {"uv": [1.032, 15.032, 1.968, 15.968], "texture": "#0"},
				"down": {"uv": [1.032, 15.032, 1.968, 15.968], "texture": "#0"}
			}
		},
		{
			"from": [16.5, 3.5625, 7.7],
			"to": [18.275, 4.1625, 8.3],
			"rotation": {"angle": 0, "axis": "y", "origin": [17.3875, 3.55, 8]},
			"faces": {
				"north": {"uv": [4.032, 15.032, 4.968, 15.968], "texture": "#0", "cullface": "east"},
				"east": {"uv": [4.032, 15.032, 4.968, 15.968], "texture": "#0", "cullface": "east"},
				"south": {"uv": [4.032, 15.032, 4.968, 15.968], "texture": "#0", "cullface": "east"},
				"up": {"uv": [4.032, 15.032, 4.968, 15.968], "texture": "#0", "cullface": "east"},
				"down": {"uv": [4.032, 15.032, 4.968, 15.968], "texture": "#0", "cullface": "east"}
			}
		},
		{
			"from": [8.30537, 0.03, 7.625],
			"to": [9.50537, 2.28, 8.375],
			"rotation": {"angle": 0, "axis": "y", "origin": [8.90537, 1.155, 8]},
			"faces": {
				"north": {"uv": [1.032, 15.032, 1.968, 15.968], "texture": "#0"},
				"east": {"uv": [1.032, 15.032, 1.968, 15.968], "texture": "#0"},
				"south": {"uv": [1.032, 15.032, 1.968, 15.968], "texture": "#0"},
				"west": {"uv": [1.032, 15.032, 1.968, 15.968], "texture": "#0"},
				"down": {"uv": [1.032, 15.032, 1.968, 15.968], "texture": "#0"}
			}
		},
		{
			"from": [9.50537, 0.28, 7.625],
			"to": [10.30537, 2.28, 8.375],
			"rotation": {"angle": 0, "axis": "y", "origin": [9.90537, 1.28, 8]},
			"faces": {
				"north": {"uv": [1.032, 15.032, 1.968, 15.968], "texture": "#0"},
				"east": {"uv": [1.032, 15.032, 1.968, 15.968], "texture": "#0"},
				"south": {"uv": [1.032, 15.032, 1.968, 15.968], "texture": "#0"},
				"down": {"uv": [1.032, 15.032, 1.968, 15.968], "texture": "#0"}
			}
		},
		{
			"from": [5.575, -0.175, 7.5],
			"to": [6.575, 2.575, 8.5],
			"rotation": {"angle": -22.5, "axis": "z", "origin": [7, 2, 8]},
			"faces": {
				"north": {"uv": [3.032, 15.032, 3.968, 15.968], "texture": "#0"},
				"east": {"uv": [3.032, 15.032, 3.968, 15.968], "texture": "#0"},
				"south": {"uv": [3.032, 15.032, 3.968, 15.968], "texture": "#0"},
				"west": {"uv": [3.032, 15.032, 3.968, 15.968], "texture": "#0"},
				"down": {"uv": [3.032, 15.032, 3.968, 15.968], "texture": "#0"}
			}
		},
		{
			"from": [6.25, 1.5, 8],
			"to": [8.5, 2.5, 8],
			"rotation": {"angle": 0, "axis": "y", "origin": [7.5, 7.5, 7]},
			"faces": {
				"north": {"uv": [0.032, 1.032, 8.968, 4.936], "texture": "#0"},
				"south": {"uv": [8.968, 1.032, 0.032, 4.968], "texture": "#0"}
			}
		},
		{
			"from": [15.8, 2.1404, 7.25],
			"to": [16.15, 4.6979, 8.75],
			"rotation": {"angle": 0, "axis": "y", "origin": [16.825, 3.74411, 8]},
			"faces": {
				"north": {"uv": [1.032, 15.032, 1.968, 15.968], "texture": "#0"},
				"east": {"uv": [1.032, 15.032, 1.968, 15.968], "texture": "#0", "cullface": "east"},
				"south": {"uv": [1.032, 15.032, 1.968, 15.968], "texture": "#0"},
				"west": {"uv": [1.032, 15.032, 1.968, 15.968], "texture": "#0"},
				"up": {"uv": [1.032, 15.032, 1.968, 15.968], "texture": "#0"},
				"down": {"uv": [1.032, 15.032, 1.968, 15.968], "texture": "#0"}
			}
		},
		{
			"from": [6.05, 4.4, 7.625],
			"to": [6.55, 5.15, 8.375],
			"rotation": {"angle": 22.5, "axis": "z", "origin": [6.25, 4.875, 8]},
			"faces": {
				"north": {"uv": [4.032, 15.032, 4.968, 15.968], "texture": "#0"},
				"east": {"uv": [4.032, 15.032, 4.968, 15.968], "texture": "#0"},
				"south": {"uv": [4.032, 15.032, 4.968, 15.968], "texture": "#0"},
				"west": {"uv": [4.032, 15.032, 4.968, 15.968], "texture": "#0"},
				"up": {"uv": [4.032, 15.032, 4.968, 15.968], "texture": "#0"}
			}
		},
		{
			"from": [15.35, 4.5, 7.625],
			"to": [15.6, 4.85, 8.375],
			"rotation": {"angle": 0, "axis": "y", "origin": [15.475, 4.825, 8]},
			"faces": {
				"north": {"uv": [4.032, 15.032, 4.968, 15.968], "texture": "#0"},
				"east": {"uv": [4.032, 15.032, 4.968, 15.968], "texture": "#0"},
				"south": {"uv": [4.032, 15.032, 4.968, 15.968], "texture": "#0"},
				"west": {"uv": [4.032, 15.032, 4.968, 15.968], "texture": "#0"},
				"up": {"uv": [4.032, 15.032, 4.968, 15.968], "texture": "#0"}
			}
		},
		{
			"from": [7.85, 4.5, 7.875],
			"to": [15.35, 4.625, 8.125],
			"rotation": {"angle": 0, "axis": "y", "origin": [-0.15, -0.05, 7.875]},
			"faces": {
				"north": {"uv": [0.032, 4.032, 14.968, 4.968], "texture": "#0"},
				"south": {"uv": [0.032, 4.032, 14.968, 4.968], "texture": "#0"},
				"west": {"uv": [0.032, 4.032, 0.968, 4.968], "texture": "#0"},
				"up": {"uv": [0.032, 4.032, 14.968, 4.968], "texture": "#0"}
			}
		}
	],
	"gui_light": "front",
	"display": {
		"thirdperson_righthand": {
			"rotation": [0, 90, 0],
			"translation": [0, 5.75, -0.5]
		},
		"thirdperson_lefthand": {
			"rotation": [0, -90, 0],
			"translation": [0, 5.75, -0.5]
		},
		"firstperson_righthand": {
			"rotation": [0, 90, 0],
			"translation": [-1.75, 8.75, 0]
		},
		"firstperson_lefthand": {
			"rotation": [0, -90, 0],
			"translation": [-1.75, 8.75, 0]
		},
		"ground": {
			"rotation": [90, 0, 0],
			"translation": [-1, -3, 5]
		},
		"gui": {
			"rotation": [0, 0, 45],
			"translation": [-3.5, 3, 0],
			"scale": [0.9, 0.9, 0.9]
		},
		"fixed": {
			"rotation": [0, -180, 45],
			"translation": [3.75, 3, 0]
		}
	}
}