{
	"credit": "Made with Blockbench",
	"textures": {
		"0": "custom/weapons/throwables/grenade",
		"particle": "custom/weapons/throwables/grenade"
	},
	"elements": [
		{
			"name": "octagon",
			"from": [6.87868, 8.5, 6.5],
			"to": [8.12132, 10, 9.5],
			"rotation": {"angle": 45, "axis": "y", "origin": [7.5, 9.25, 8]},
			"faces": {
				"north": {"uv": [0.032, 2.032, 1.968, 4.968], "texture": "#0"},
				"south": {"uv": [0.032, 2.032, 1.968, 4.968], "texture": "#0"},
				"up": {"uv": [0.032, 0.032, 0.968, 1.968], "texture": "#0"},
				"down": {"uv": [0.032, 0.032, 0.968, 1.968], "texture": "#0"}
			}
		},
		{
			"name": "octagon",
			"from": [6.87868, 8.5, 6.5],
			"to": [8.12132, 10, 9.5],
			"rotation": {"angle": 0, "axis": "y", "origin": [7.5, 9.25, 8]},
			"faces": {
				"north": {"uv": [0.032, 2.032, 1.968, 4.968], "texture": "#0"},
				"south": {"uv": [0.032, 2.032, 1.968, 4.968], "texture": "#0"},
				"up": {"uv": [0.032, 0.032, 0.968, 0.968], "texture": "#0"},
				"down": {"uv": [0.032, 0.032, 0.968, 0.968], "texture": "#0"}
			}
		},
		{
			"name": "octagon",
			"from": [6, 8.5, 7.37868],
			"to": [9, 10, 8.62132],
			"rotation": {"angle": 45, "axis": "y", "origin": [7.5, 9.25, 8]},
			"faces": {
				"east": {"uv": [0.032, 2.032, 1.968, 4.968], "texture": "#0"},
				"west": {"uv": [0.032, 2.032, 1.968, 4.968], "texture": "#0"},
				"up": {"uv": [0.032, 0.032, 0.968, 0.968], "texture": "#0"},
				"down": {"uv": [0.032, 0.032, 0.968, 0.968], "texture": "#0"}
			}
		},
		{
			"name": "octagon",
			"from": [6, 8.5, 7.37868],
			"to": [9, 10, 8.62132],
			"rotation": {"angle": 0, "axis": "y", "origin": [7.5, 9.25, 8]},
			"faces": {
				"east": {"uv": [0.032, 2.032, 1.968, 4.968], "texture": "#0"},
				"west": {"uv": [0.032, 2.032, 1.968, 4.968], "texture": "#0"},
				"up": {"uv": [0.032, 0.032, 0.968, 0.968], "texture": "#0"},
				"down": {"uv": [0.032, 0.032, 0.968, 0.968], "texture": "#0"}
			}
		},
		{
			"name": "octagon",
			"from": [6.98223, 7.75, 6.75],
			"to": [8.01777, 10.75, 9.25],
			"rotation": {"angle": 45, "axis": "y", "origin": [7.5, 9.25, 8]},
			"faces": {
				"north": {"uv": [0.032, 0.032, 0.968, 0.968], "texture": "#0"},
				"south": {"uv": [0.032, 0.032, 0.968, 0.968], "texture": "#0"},
				"up": {"uv": [0.032, 0.032, 0.968, 0.968], "texture": "#0"},
				"down": {"uv": [0.032, 0.032, 0.968, 0.968], "texture": "#0"}
			}
		},
		{
			"name": "octagon",
			"from": [6.98223, 7.75, 6.75],
			"to": [8.01777, 10.75, 9.25],
			"rotation": {"angle": 0, "axis": "y", "origin": [7.5, 9.25, 8]},
			"faces": {
				"north": {"uv": [0.032, 0.032, 0.968, 0.968], "texture": "#0"},
				"south": {"uv": [0.032, 0.032, 0.968, 0.968], "texture": "#0"},
				"up": {"uv": [0.032, 0.032, 0.968, 0.968], "texture": "#0"},
				"down": {"uv": [0.032, 0.032, 0.968, 0.968], "texture": "#0"}
			}
		},
		{
			"name": "octagon",
			"from": [6.25, 7.75, 7.48223],
			"to": [8.75, 10.75, 8.51777],
			"rotation": {"angle": 45, "axis": "y", "origin": [7.5, 9.25, 8]},
			"faces": {
				"east": {"uv": [0.032, 0.032, 0.968, 0.968], "texture": "#0"},
				"west": {"uv": [0.032, 0.032, 0.968, 0.968], "texture": "#0"},
				"up": {"uv": [0.032, 0.032, 0.968, 0.968], "texture": "#0"},
				"down": {"uv": [0.032, 0.032, 0.968, 0.968], "texture": "#0"}
			}
		},
		{
			"name": "octagon",
			"from": [6.25, 7.75, 7.48223],
			"to": [8.75, 10.75, 8.51777],
			"rotation": {"angle": 0, "axis": "y", "origin": [7.5, 9.25, 8]},
			"faces": {
				"east": {"uv": [0.032, 0.032, 0.968, 0.968], "texture": "#0"},
				"west": {"uv": [0.032, 0.032, 0.968, 0.968], "texture": "#0"},
				"up": {"uv": [0.032, 0.032, 0.968, 0.968], "texture": "#0"},
				"down": {"uv": [0.032, 0.032, 0.968, 0.968], "texture": "#0"}
			}
		},
		{
			"name": "octagon",
			"from": [7.08579, 7.25, 7],
			"to": [7.91421, 11.25, 9],
			"rotation": {"angle": 45, "axis": "y", "origin": [7.5, 9.25, 8]},
			"faces": {
				"north": {"uv": [0.032, 0.032, 0.968, 0.968], "texture": "#0"},
				"south": {"uv": [0.032, 0.032, 0.968, 0.968], "texture": "#0"},
				"up": {"uv": [0.032, 0.032, 0.968, 0.968], "texture": "#0"},
				"down": {"uv": [0.032, 0.032, 0.968, 0.968], "texture": "#0"}
			}
		},
		{
			"name": "octagon",
			"from": [7.08579, 7.25, 7],
			"to": [7.91421, 11.25, 9],
			"rotation": {"angle": 0, "axis": "y", "origin": [7.5, 9.25, 8]},
			"faces": {
				"north": {"uv": [0.032, 0.032, 0.968, 0.968], "texture": "#0"},
				"south": {"uv": [0.032, 0.032, 0.968, 0.968], "texture": "#0"},
				"up": {"uv": [0.032, 0.032, 0.968, 0.968], "texture": "#0"},
				"down": {"uv": [0.032, 0.032, 0.968, 0.968], "texture": "#0"}
			}
		},
		{
			"name": "octagon",
			"from": [6.5, 7.25, 7.58579],
			"to": [8.5, 11.25, 8.41421],
			"rotation": {"angle": 45, "axis": "y", "origin": [7.5, 9.25, 8]},
			"faces": {
				"east": {"uv": [0.032, 0.032, 0.968, 0.968], "texture": "#0"},
				"west": {"uv": [0.032, 0.032, 0.968, 0.968], "texture": "#0"},
				"up": {"uv": [0.032, 0.032, 0.968, 0.968], "texture": "#0"},
				"down": {"uv": [0.032, 0.032, 0.968, 0.968], "texture": "#0"}
			}
		},
		{
			"name": "octagon",
			"from": [6.5, 7.25, 7.58579],
			"to": [8.5, 11.25, 8.41421],
			"rotation": {"angle": 0, "axis": "y", "origin": [7.5, 9.25, 8]},
			"faces": {
				"east": {"uv": [0.032, 0.032, 0.968, 0.968], "texture": "#0"},
				"west": {"uv": [0.032, 0.032, 0.968, 0.968], "texture": "#0"},
				"up": {"uv": [0.032, 0.032, 0.968, 0.968], "texture": "#0"},
				"down": {"uv": [0.032, 0.032, 0.968, 0.968], "texture": "#0"}
			}
		},
		{
			"from": [6.75377, 11.05, 7.5],
			"to": [8.00377, 12, 8.5],
			"rotation": {"angle": 0, "axis": "y", "origin": [8.29571, 10.50625, 8]},
			"faces": {
				"north": {"uv": [2.032, 0.032, 2.75, 0.7], "texture": "#0"},
				"south": {"uv": [2.032, 0.032, 2.75, 0.7], "texture": "#0"},
				"west": {"uv": [2.032, 0.032, 2.75, 0.7], "texture": "#0"},
				"down": {"uv": [2.032, 0.032, 2.75, 0.7], "texture": "#0"}
			}
		},
		{
			"from": [7.30063, 10.88196, 7.5],
			"to": [8.55063, 12.08196, 8.5],
			"rotation": {"angle": 22.5, "axis": "z", "origin": [8.29571, 10.50625, 8]},
			"faces": {
				"north": {"uv": [2.032, 0.032, 2.75, 0.7], "texture": "#0"},
				"east": {"uv": [2.032, 0.032, 2.75, 0.7], "texture": "#0"},
				"south": {"uv": [2.032, 0.032, 2.75, 0.7], "texture": "#0"},
				"west": {"uv": [2.032, 0.032, 2.75, 0.7], "texture": "#0"},
				"down": {"uv": [2.032, 0.032, 2.75, 0.7], "texture": "#0"}
			}
		},
		{
			"from": [6.55377, 11.875, 7.375],
			"to": [8.50377, 12.175, 8.625],
			"rotation": {"angle": 0, "axis": "y", "origin": [8.29571, 10.73125, 8]},
			"faces": {
				"north": {"uv": [2.032, 0.032, 2.968, 0.968], "texture": "#0"},
				"south": {"uv": [2.032, 0.032, 2.968, 0.968], "texture": "#0"},
				"west": {"uv": [2.032, 0.032, 2.968, 0.968], "texture": "#0"},
				"up": {"uv": [2.032, 0.032, 2.968, 0.968], "texture": "#0"},
				"down": {"uv": [2.032, 0.032, 2.968, 0.968], "texture": "#0"}
			}
		},
		{
			"from": [8.25858, 11.58306, 7.375],
			"to": [9.20858, 11.88306, 8.625],
			"rotation": {"angle": -45, "axis": "z", "origin": [8.73358, 11.73306, 8]},
			"faces": {
				"north": {"uv": [2.032, 0.032, 2.968, 0.968], "texture": "#0"},
				"south": {"uv": [2.032, 0.032, 2.968, 0.968], "texture": "#0"},
				"up": {"uv": [2.032, 0.032, 2.968, 0.968], "texture": "#0"},
				"down": {"uv": [2.032, 0.032, 2.968, 0.968], "texture": "#0"}
			}
		},
		{
			"from": [9.06871, 10.53201, 7.375],
			"to": [9.36871, 11.48201, 8.625],
			"rotation": {"angle": 22.5, "axis": "z", "origin": [9.21871, 11.00701, 8]},
			"faces": {
				"north": {"uv": [2.032, 0.032, 2.968, 0.968], "rotation": 270, "texture": "#0"},
				"east": {"uv": [2.032, 0.032, 2.968, 0.968], "rotation": 90, "texture": "#0"},
				"south": {"uv": [2.032, 0.032, 2.968, 0.968], "rotation": 90, "texture": "#0"},
				"west": {"uv": [2.032, 0.032, 2.968, 0.968], "rotation": 90, "texture": "#0"},
				"down": {"uv": [2.032, 0.032, 2.968, 0.968], "rotation": 90, "texture": "#0"}
			}
		},
		{
			"from": [9.33011, 8.94719, 7.5],
			"to": [9.53011, 10.64719, 8.5],
			"rotation": {"angle": 0, "axis": "y", "origin": [9.43011, 9.79719, 8]},
			"faces": {
				"north": {"uv": [2.032, 0.032, 2.968, 0.968], "rotation": 90, "texture": "#0"},
				"east": {"uv": [2.032, 0.032, 2.968, 0.968], "rotation": 90, "texture": "#0"},
				"south": {"uv": [2.032, 0.032, 2.968, 0.968], "rotation": 90, "texture": "#0"},
				"west": {"uv": [2.032, 0.032, 2.968, 0.968], "rotation": 90, "texture": "#0"},
				"down": {"uv": [2.032, 0.032, 2.968, 0.968], "rotation": 90, "texture": "#0"}
			}
		},
		{
			"from": [9.07994, 7.88673, 7.75],
			"to": [9.17994, 8.33673, 8.25],
			"rotation": {"angle": -22.5, "axis": "z", "origin": [9.12994, 8.11173, 8]},
			"faces": {
				"north": {"uv": [2.032, 0.032, 2.968, 0.968], "rotation": 90, "texture": "#0"},
				"east": {"uv": [2.032, 0.032, 2.968, 0.968], "rotation": 90, "texture": "#0"},
				"south": {"uv": [2.032, 0.032, 2.968, 0.968], "rotation": 90, "texture": "#0"},
				"west": {"uv": [2.032, 0.032, 2.968, 0.968], "rotation": 90, "texture": "#0"},
				"down": {"uv": [2.032, 0.032, 2.968, 0.968], "rotation": 90, "texture": "#0"}
			}
		},
		{
			"from": [9.29998, 8.29297, 7.625],
			"to": [9.39998, 8.99297, 8.375],
			"rotation": {"angle": -22.5, "axis": "z", "origin": [9.34998, 8.64297, 8]},
			"faces": {
				"north": {"uv": [2.032, 0.032, 2.968, 0.968], "rotation": 90, "texture": "#0"},
				"east": {"uv": [2.032, 0.032, 2.968, 0.968], "rotation": 90, "texture": "#0"},
				"south": {"uv": [2.032, 0.032, 2.968, 0.968], "rotation": 90, "texture": "#0"},
				"west": {"uv": [2.032, 0.032, 2.968, 0.968], "rotation": 90, "texture": "#0"},
				"down": {"uv": [2.032, 0.032, 2.968, 0.968], "rotation": 90, "texture": "#0"}
			}
		}
	],
	"gui_light": "front",
	"display": {
		"thirdperson_righthand": {
			"rotation": [0, -90, 0],
			"translation": [0, -2.5, -0.75]
		},
		"thirdperson_lefthand": {
			"rotation": [0, 90, 0],
			"translation": [0, -2.5, -0.75]
		},
		"firstperson_righthand": {
			"rotation": [0, -90, 25],
			"translation": [1.13, 0, 1.13]
		},
		"firstperson_lefthand": {
			"rotation": [0, 90, -25],
			"translation": [1.13, 0, 1.13]
		},
		"ground": {
			"rotation": [90, 0, 0],
			"translation": [0.5, -2.25, -1.5]
		},
		"gui": {
			"rotation": [0, 0, -45],
			"translation": [-2.5, -4, 0],
			"scale": [2.75, 2.75, 2.75]
		},
		"head": {
			"translation": [0, -32.25, 0],
			"scale": [2.5, 2.5, 2.5]
		},
		"fixed": {
			"translation": [1.25, -5, -2],
			"scale": [3, 3, 3]
		}
	},
	"groups": [
		{
			"name": "octagon",
			"origin": [8, 8, 8],
			"color": 0,
			"children": [0, 1, 2, 3]
		},
		{
			"name": "octagon",
			"origin": [8, 8, 8],
			"color": 0,
			"children": [4, 5, 6, 7]
		},
		{
			"name": "octagon",
			"origin": [8, 8, 8],
			"color": 0,
			"children": [8, 9, 10, 11]
		},
		{
			"name": "head",
			"origin": [8.77145, 8.7909, 7.875],
			"color": 0,
			"children": [12, 13, 14, 15, 16, 17, 18, 19]
		}
	]
}